,user_country,incomplete_attempts_3
30,CL,0.7811224489795918
39,DE,1.0
156,US,0.8566326530612245
