,user_country,incomplete_attempts_5
23,BR,0.7830543218312265
30,CL,1.0
39,DE,0.876665527844209
150,TH,0.7734882131875641
