,user_country,incomplete_attempts_4
30,CL,0.753434831043446
39,DE,1.0
150,TH,0.8726327515781657
152,TR,0.8756034162643892
