,user_country,PS_declines_5
5,AR,0.869475847893114
23,BR,1.0
30,CL,0.9122302158273381
39,DE,0.7344295991778006
152,TR,0.7120246659815005
