,user_country,PS_declines_4
5,AR,0.9303724265556327
23,BR,0.9303724265556327
39,DE,0.8757807078417765
150,TH,0.7249595188526486
152,TR,1.0
