,user_country,completed_payments_2
11,AU,1.0
98,KR,0.8591493959336018
187,US,0.7058245751890777
