,user_country,completed_payments_3
11,AU,1.0
98,KR,0.855720102705086
187,US,0.7363470532804246
