,user_country,completed_payments_5
45,DE,0.7480682094020552
98,KR,0.8277267578283033
187,US,1.0
