,user_country,completed_payments_4
11,AU,1.0
45,DE,0.7016451320273617
98,KR,0.7889114995791142
187,US,0.8464706891901832
