,user_country,incomplete_attempts_4
27,BR,0.7012363339123326
45,DE,0.8560335138448963
98,KR,0.7571268008582814
181,TR,1.0
