,user_country,incomplete_attempts_1
27,BR,0.8477741260830595
45,DE,0.8736181655213624
98,KR,1.0
