,user_country,incomplete_attempts_3
27,BR,0.7613866396761133
45,DE,0.7983299595141701
98,KR,1.0
