,user_country,PS_declines_1
27,BR,0.8859129781035617
45,DE,0.945399868433418
98,KR,1.0
181,TR,0.9415468471008364
