,user_country,PS_declines_5
45,DE,0.9501564432802154
162,SA,0.7440878992941862
181,TR,1.0
