,user_country,PS_declines_2
45,DE,0.8318701782388933
98,KR,1.0
181,TR,0.867429280837102
