,user_country,PS_declines_3
27,BR,0.78330658105939
45,DE,0.9099433978203937
98,KR,1.0
181,TR,0.9744022978795303
