,user_country,refunds_2
11,AU,0.9784560143626571
98,KR,0.9892280071813285
160,RU,1.0
187,US,0.8258527827648114
